<?xml version="1.0" encoding="utf-8" ?>

<component name= "GridScreen" extends="Group" initialFocus="RowList">
    <script type="text/brightscript" uri="GridScreen.brs" />
    <script type="text/brightscript" uri="pkg:/source/utils.brs" />
    <interface>
        <!-- Specifies the content of the grid -->
        <field id="content" type="node" alias="RowList.content"/>
        <field id="rowItemSelected" type="intarray" alwaysNotify="true" alias="RowList.rowItemSelected" />
        <field id="jumpToRow" type="intarray" alias="RowList.jumpToRowItem"/>
    </interface>
    <children>
        <!-- Label with titleand length of content -->
        <Label id="titleLabel" width="1020" translation="[130,170]" />

        <!--  label with description of content -->
        <!-- wrap="true" and numLines="3"  means that text can be broken into three lines -->

        <Label id="descriptionLabel" width="1020" translation="[130,220]" wrap="true" numLines="3" />
        
        <RowList 
        itemComponentName="RowListItemComponent" 
        id="rowList"
        translation="[80,350]"
        numRows="2"
        rowItemSize="[[320,180]]"
        rowItemSpacing="[[20,0]]"
        itemSize="[1100,270]"
        rowLabelOffset="[[50,20]]"
        focusXoffset="[50]"
        showRowLabel="[true]"
        rowFocusAnimationStyle="floatingfocus"
    />
    </children> 

    

    
</component>





