<?xml version="1.0" encoding="utf-8" ?>
<component name="MainScene" extends="Scene"> 
    <script type="text/brightscript" uri="MainScene.brs"/>
    <script type="text/brightscript" uri="UILogic/ScreenStack.brs"/>
    <script type="text/brightscript" uri="UILogic/ContentTaskLogic.brs"/>
    <script type="text/brightscript" uri="UILogic/GridScreenLogic.brs"/>
    <script type="text/brightscript" uri="UILogic/VideoPlayerLogic.brs"/>
    <script type="text/brightscript" uri="UILogic/DetailsScreenLogic.brs" />



    <children>
        <!-- Overhang with roku developer logo -->
        <Overhang
            id="overhang"
            ShowOptions="false"
            ShowClock="true"
            translation="[0,60]"

        />

          <!-- loading Indicator I case of waiting for content -->
        <label
            id="loadingindicator"
            text="Loading...."
            height="1080"
            width="720"
            translation="[0,0]"
            horizAlign="center"
            vertAlign="center"
            visible= "false"
            font="font:MediumBoldSystemFont"

        />




    </children>
	
</component>
