<?xml version="1.0" encoding="utf-8" ?>

<component name="WelcomeDialog" extends="StandardDialog" initialFocus="buttonArea" >
<script type="text/brightscript" uri="WelcomeDialog.brs" />
<children>
  <StdDlgTitleArea primaryTitle="Glamour Shot Side Card" />
  <StdDlgContentArea>
     <StdDlgTextItem text="Lorem ipsum dolor sit amet, consectetur adipiscing elit. Suspendisse sapien massa, efficitur a accumsan a, commodo eget justo. In id ante elementum, posuere diam quis, lobortis magna." />
  </StdDlgContentArea>
  <StdDlgButtonArea id="buttonArea" >
    <StdDlgButton text="OK" />
    <StdDlgButton text="Cancel" />
  </StdDlgButtonArea>
  
</children>

</component>