<?xml version="1.0" encoding="utf-8" ?>

<component name="WelcomeDialog" extends="StandardDialog" initialFocus="buttonArea" >
<script type="text/brightscript" uri="WelcomeDialog.brs" />
<children>
  <StdDlgTitleArea primaryTitle="Welcome to My First ROKU Channel" />
  <StdDlgContentArea>
     <StdDlgTextItem text="Lorem ipsum dolor sit amet, consectetur adipiscing elit. Suspendisse sapien massa, efficitur a accumsan a, commodo eget justo. In id ante elementum, posuere diam quis, lobortis magna." />
  </StdDlgContentArea>
  <StdDlgButtonArea id="buttonArea" >
    <StdDlgButton text="Continue"/>
    <StdDlgButton text="Exit" />
  </StdDlgButtonArea>
  
</children>

</component>